<?xml version="1.0" encoding="UTF-8"?>
<actor PGFVersion="0.17" id="id636499" GSCVersion="0.9.91"><attributes><text id="name">Numbers</text><size id="size"><real id="width">32</real><real id="height">48</real></size><color id="color"><real id="red">0.970942</real><real id="green">0</real><real id="blue">0</real></color><image id="image">0</image></attributes><behaviors><behavior id="id618411" class="CompoundBehavior"><attributes><text id="name">YEAR</text></attributes><behaviors><behavior id="id629130" class="ConstrainAttributeBehavior"><attributes><text id="name">Constrain Attribute - use for thousands</text><text id="targetAttribute">self.attributes.image</text><text id="RHS"><expression><string>(floor(</string><reference keypath="game.devices.clock.year"/><string>/1000))..&quot;.png&quot;</string></expression></text></attributes></behavior></behaviors></behavior></behaviors><aspects><physics/></aspects></actor>
