<?xml version="1.0" encoding="UTF-8"?>
<actor PGFVersion="0.17" id="id226795" GSCVersion="0.9.91"><attributes><text id="name">BlinkColon</text><size id="size"><real id="width">32</real><real id="height">48</real></size><color id="color"><real id="red">0.970942</real><real id="green">0</real><real id="blue">0</real></color><image id="image">colon</image></attributes><behaviors><behavior id="id702854" class="TimerBehavior"><attributes><text id="name">Timer</text><real id="interval">0.5</real></attributes><behaviors><behavior id="id971954" class="ChangeAttributeAction"><attributes><text id="name">Change Attribute</text><text id="targetAttribute">self.attributes.color.alpha</text><text id="RHS"><expression><string>1-</string><reference keypath="self.attributes.color.alpha"/></expression></text></attributes></behavior></behaviors></behavior></behaviors><aspects><physics/></aspects></actor>
