<?xml version="1.0" encoding="UTF-8"?>
<actor PGFVersion="0.17" id="id683086" GSCVersion="0.9.91"><attributes><text id="name">hourhand</text><size id="size"><real id="width">88</real><real id="height">88</real></size><image id="image">ClockHourHand</image></attributes><behaviors><behavior id="id537082" class="ConstrainAttributeBehavior"><attributes><text id="name">Constrain Attribute</text><text id="targetAttribute">self.attributes.rotation</text><text id="RHS"><expression><string>90-(30*((</string><reference keypath="game.devices.clock.hour"/><string>%12)+</string><reference keypath="game.devices.clock.minute"/><string>/60))</string></expression></text></attributes></behavior></behaviors><aspects><physics/></aspects></actor>
