<?xml version="1.0" encoding="UTF-8"?>
<actor PGFVersion="0.17" id="id290071" GSCVersion="0.9.91"><attributes><text id="name">RotatingSky</text><size id="size"><real id="width">846</real><real id="height">846</real></size><image id="image">SkyCircle</image><real name="TimelapseMultiplier" id="id558076">1</real></attributes><behaviors><behavior id="id114001" class="CompoundBehavior"><attributes><text id="name">SkyDome Rotation</text></attributes><behaviors><behavior id="id226501" class="ConstrainAttributeBehavior"><attributes><text id="name">Constrain Attribute: Actual Time with Timelapse</text><text id="targetAttribute">self.attributes.rotation</text><text id="RHS"><expression><string>180+(</string><reference keypath="game.devices.clock.hour"/><string>+</string><reference keypath="game.devices.clock.minute"/><string>/60+</string><reference keypath="game.devices.clock.second"/><string>/3600+</string><reference keypath="game.devices.clock.millisecond"/><string>/3600000)*15*</string><reference keypath="self.attributes.id558076"/></expression></text></attributes></behavior></behaviors></behavior><behavior id="id170637" class="ConstrainAttributeBehavior"><attributes><text id="name">Constrain Attribute - set global attribute for &quot;Sky Rotation&quot; with self rotation value.</text><text id="targetAttribute">game.attributes.id937994</text><text id="RHS"><expression><reference keypath="self.attributes.rotation"/></expression></text></attributes></behavior></behaviors><aspects><physics/></aspects></actor>
