<?xml version="1.0" encoding="UTF-8"?>
<actor PGFVersion="0.17" id="id137556" GSCVersion="0.9.91"><attributes><text id="name">ClockDimming</text><color id="color"><real id="red">0</real><real id="green">0</real><real id="blue">0</real><real id="alpha">0</real></color></attributes><behaviors><behavior id="id633892" class="CompoundBehavior"><attributes><text id="name">Group</text></attributes><behaviors><behavior id="id231321" class="RuleBehavior"><attributes><text id="name">Rule: Undim</text></attributes><conditions><condition id="id330189" eventType="mouse button"><attributes><index id="conditionType">1</index><text id="subjectAttribute">game.attributes.id937994</text></attributes><predicate type="number"><attributes><text id="operator">&gt;=</text><real id="RHS">45</real></attributes></predicate></condition><condition id="id144564" eventType="mouse button"><attributes><index id="conditionType">1</index><text id="subjectAttribute">game.attributes.id937994</text></attributes><predicate type="number"><attributes><text id="operator">&lt;</text><real id="RHS">135</real></attributes></predicate></condition></conditions><behaviors><behavior id="id743429" class="ConstrainAttributeBehavior"><attributes><text id="name">Constrain Attribute</text><text id="targetAttribute">self.attributes.color.alpha</text><text id="RHS"><expression><string>.3*(</string><reference keypath="game.attributes.id937994"/><string>-45)/90</string></expression></text></attributes></behavior></behaviors><elseBehaviors/></behavior><behavior id="id862364" class="RuleBehavior"><attributes><text id="name">Rule: FullDim</text></attributes><conditions><condition id="id330189" eventType="mouse button"><attributes><index id="conditionType">1</index><text id="subjectAttribute">game.attributes.id937994</text></attributes><predicate type="number"><attributes><text id="operator">&gt;=</text><real id="RHS">135</real></attributes></predicate></condition><condition id="id144564" eventType="mouse button"><attributes><index id="conditionType">1</index><text id="subjectAttribute">game.attributes.id937994</text></attributes><predicate type="number"><attributes><text id="operator">&lt;</text><real id="RHS">225</real></attributes></predicate></condition></conditions><behaviors><behavior id="id759721" class="ChangeAttributeAction"><attributes><text id="name">Change Attribute</text><text id="targetAttribute">self.attributes.color.alpha</text><text id="RHS">.3</text></attributes></behavior></behaviors><elseBehaviors/></behavior><behavior id="id350293" class="RuleBehavior"><attributes><text id="name">Rule: Undim</text></attributes><conditions><condition id="id330189" eventType="mouse button"><attributes><index id="conditionType">1</index><text id="subjectAttribute">game.attributes.id937994</text></attributes><predicate type="number"><attributes><text id="operator">&gt;=</text><real id="RHS">225</real></attributes></predicate></condition><condition id="id144564" eventType="mouse button"><attributes><index id="conditionType">1</index><text id="subjectAttribute">game.attributes.id937994</text></attributes><predicate type="number"><attributes><text id="operator">&lt;</text><real id="RHS">315</real></attributes></predicate></condition></conditions><behaviors><behavior id="id743429" class="ConstrainAttributeBehavior"><attributes><text id="name">Constrain Attribute</text><text id="targetAttribute">self.attributes.color.alpha</text><text id="RHS"><expression><string>.3-.3*(</string><reference keypath="game.attributes.id937994"/><string>-225)/90</string></expression></text></attributes></behavior></behaviors><elseBehaviors/></behavior><behavior id="id977920" class="RuleBehavior"><attributes><text id="name">Rule: NoDim</text><real id="compoundConditionKind">1</real></attributes><conditions><condition id="id330189" eventType="mouse button"><attributes><index id="conditionType">1</index><text id="subjectAttribute">game.attributes.id937994</text></attributes><predicate type="number"><attributes><text id="operator">&gt;=</text><real id="RHS">315</real></attributes></predicate></condition><condition id="id144564" eventType="mouse button"><attributes><index id="conditionType">1</index><text id="subjectAttribute">game.attributes.id937994</text></attributes><predicate type="number"><attributes><text id="operator">&lt;</text><real id="RHS">45</real></attributes></predicate></condition></conditions><behaviors><behavior id="id759721" class="ChangeAttributeAction"><attributes><text id="name">Change Attribute</text><text id="targetAttribute">self.attributes.color.alpha</text><text id="RHS">0</text></attributes></behavior></behaviors><elseBehaviors/></behavior></behaviors></behavior></behaviors><aspects><physics/></aspects></actor>
