<?xml version="1.0" encoding="UTF-8"?>
<actor PGFVersion="0.17" id="id979632" GSCVersion="0.9.91"><attributes><text id="name">Flower</text><size id="size"><real id="width">313</real><real id="height">320</real></size><image id="image">Flower1</image><real name="Timestamp" id="id759103">0</real></attributes><behaviors><behavior id="id816025" class="CompoundBehavior"><attributes><text id="name">Initial Loading</text></attributes><behaviors><behavior id="id784714" class="LoadAttributeAction"><attributes><text id="name">Load Attribute</text><text id="targetAttribute">self.attributes.id759103</text><text id="key">flower</text></attributes></behavior></behaviors></behavior><behavior id="id193428" class="TimerBehavior"><attributes><text id="name">Timer - Initialization</text><index id="timerType">1</index><real id="interval">0.05</real></attributes><behaviors><behavior id="id556718" class="RuleBehavior"><attributes><text id="name">Rule</text></attributes><conditions><condition id="id416740" eventType="mouse button"><attributes><index id="conditionType">1</index><text id="subjectAttribute">self.attributes.id759103</text></attributes><predicate type="number"><attributes><real id="RHS">0</real></attributes></predicate></condition></conditions><behaviors><behavior id="id385279" class="ChangeAttributeAction"><attributes><text id="name">Change Attribute</text><text id="targetAttribute">self.attributes.id759103</text><text id="RHS"><expression><string>(</string><reference keypath="game.devices.clock.year"/><string>-2011)*365*24+floor((</string><reference keypath="game.devices.clock.month"/><string>-1)*30.5)*24*60+(</string><reference keypath="game.devices.clock.day"/><string>-1)*24*60+</string><reference keypath="game.devices.clock.hour"/><string>*60+</string><reference keypath="game.devices.clock.minute"/><string>+</string><reference keypath="game.devices.clock.second"/><string>/60</string></expression></text></attributes></behavior><behavior id="id619968" class="SaveAttributeAction"><attributes><text id="name">Save Attribute</text><text id="targetAttribute">self.attributes.id759103</text><text id="key">flower</text></attributes></behavior></behaviors><elseBehaviors/></behavior><behavior id="id991330" class="RuleBehavior"><attributes><text id="name">Rule: 4 minutes past the time stamp</text></attributes><conditions><condition id="id943765" eventType="mouse button"><attributes><index id="conditionType">1</index><text id="subjectAttribute">self.attributes.id759103</text></attributes><predicate type="number"><attributes><text id="operator">&lt;=</text><real id="RHS"><expression><string>-1.5+((</string><reference keypath="game.devices.clock.year"/><string>-2011)*365*24+floor((</string><reference keypath="game.devices.clock.month"/><string>-1)*30.5)*24*60+(</string><reference keypath="game.devices.clock.day"/><string>-1)*24*60+</string><reference keypath="game.devices.clock.hour"/><string>*60+</string><reference keypath="game.devices.clock.minute"/><string>+</string><reference keypath="game.devices.clock.second"/><string>/60)</string></expression></real></attributes></predicate></condition></conditions><behaviors><behavior id="id395154" class="ChangeImageAction"><attributes><text id="name">Change Image - dying flower 3</text><image id="image">Flower4</image></attributes></behavior></behaviors><elseBehaviors><behavior id="id146564" class="RuleBehavior"><attributes><text id="name">Rule: 3 minutes past the time stamp</text></attributes><conditions><condition id="id943765" eventType="mouse button"><attributes><index id="conditionType">1</index><text id="subjectAttribute">self.attributes.id759103</text></attributes><predicate type="number"><attributes><text id="operator">&lt;=</text><real id="RHS"><expression><string>-1+((</string><reference keypath="game.devices.clock.year"/><string>-2011)*365*24+floor((</string><reference keypath="game.devices.clock.month"/><string>-1)*30.5)*24*60+(</string><reference keypath="game.devices.clock.day"/><string>-1)*24*60+</string><reference keypath="game.devices.clock.hour"/><string>*60+</string><reference keypath="game.devices.clock.minute"/><string>+</string><reference keypath="game.devices.clock.second"/><string>/60)</string></expression></real></attributes></predicate></condition></conditions><behaviors><behavior id="id306556" class="ChangeImageAction"><attributes><text id="name">Change Image - dying flower 2</text><image id="image">Flower3</image></attributes></behavior></behaviors><elseBehaviors><behavior id="id385818" class="RuleBehavior"><attributes><text id="name">Rule: 2 minutes past the time stamp</text></attributes><conditions><condition id="id943765" eventType="mouse button"><attributes><index id="conditionType">1</index><text id="subjectAttribute">self.attributes.id759103</text></attributes><predicate type="number"><attributes><text id="operator">&lt;=</text><real id="RHS"><expression><string>-.5+((</string><reference keypath="game.devices.clock.year"/><string>-2011)*365*24+floor((</string><reference keypath="game.devices.clock.month"/><string>-1)*30.5)*24*60+(</string><reference keypath="game.devices.clock.day"/><string>-1)*24*60+</string><reference keypath="game.devices.clock.hour"/><string>*60+</string><reference keypath="game.devices.clock.minute"/><string>+</string><reference keypath="game.devices.clock.second"/><string>/60)</string></expression></real></attributes></predicate></condition></conditions><behaviors><behavior id="id611620" class="ChangeImageAction"><attributes><text id="name">Change Image dying flower 1</text><image id="image">Flower2</image></attributes></behavior></behaviors><elseBehaviors><behavior id="id547491" class="ChangeImageAction"><attributes><text id="name">Change Image - default full flower</text><image id="image">Flower1</image></attributes></behavior></elseBehaviors></behavior></elseBehaviors></behavior></elseBehaviors></behavior></behaviors></behavior><behavior id="id931764" class="RuleBehavior"><attributes><text id="name">Rule - Plant is watered and timestamp is renewed</text></attributes><conditions><condition id="id864945" eventType="mouse button"><attributes><index id="conditionType">1</index><text id="subjectAttribute">game.attributes.id448290</text></attributes><predicate type="boolean"/></condition></conditions><behaviors><behavior id="id762048" class="ChangeAttributeAction"><attributes><text id="name">Change Attribute</text><text id="targetAttribute">self.attributes.id759103</text><text id="RHS"><expression><string>(</string><reference keypath="game.devices.clock.year"/><string>-2011)*365*24+floor((</string><reference keypath="game.devices.clock.month"/><string>-1)*30.5)*24*60+(</string><reference keypath="game.devices.clock.day"/><string>-1)*24*60+</string><reference keypath="game.devices.clock.hour"/><string>*60+</string><reference keypath="game.devices.clock.minute"/><string>+</string><reference keypath="game.devices.clock.second"/><string>/60</string></expression></text></attributes></behavior><behavior id="id577878" class="SaveAttributeAction"><attributes><text id="name">Save Attribute</text><text id="targetAttribute">self.attributes.id759103</text><text id="key">flower</text></attributes></behavior></behaviors><elseBehaviors/></behavior></behaviors><aspects><physics/></aspects></actor>
