<?xml version="1.0" encoding="UTF-8"?>
<actor PGFVersion="0.17" id="id259996" GSCVersion="0.9.91"><attributes><text id="name">WaterMeter</text><size id="size"><real id="width">1</real><real id="height">7</real></size><color id="color"><real id="red">0.336886</real><real id="green">0.732775</real></color></attributes><behaviors><behavior id="id860913" class="ReplicateBehavior"><attributes><text id="name">Replicate</text><angle id="angle">0</angle><real id="spacing">1</real><index id="copies"><expression><string>54*</string><reference keypath="game.attributes.id253374"/><string>/100</string></expression></index></attributes></behavior></behaviors><aspects><physics/></aspects></actor>
