<?xml version="1.0" encoding="UTF-8"?>
<actor PGFVersion="0.17" id="id368753" GSCVersion="0.9.91"><attributes><text id="name">WaterMeter1</text><size id="size"><real id="width">88</real><real id="height">88</real></size><image id="image">WaterMeter1</image><real name="Timestamp" id="id319324">0</real></attributes><behaviors><behavior id="id693366" class="RuleBehavior"><attributes><text id="name">Rule - Empty water pail when full and pressed</text></attributes><conditions><condition eventType="touch" id="id219556"><predicate type="touch" conditionType="pressed"/></condition><condition id="id813229" eventType="mouse button"><attributes><index id="conditionType">1</index><text id="subjectAttribute">game.attributes.id253374</text></attributes><predicate type="number"><attributes><real id="RHS">100</real></attributes></predicate></condition></conditions><behaviors><behavior id="id830059" class="ChangeAttributeAction"><attributes><text id="name">Change Attribute</text><text id="targetAttribute">game.attributes.id448290</text><text id="RHS">true</text></attributes></behavior><behavior id="id813551" class="ChangeAttributeAction"><attributes><text id="name">Change Attribute - Water Empty and not ready</text><text id="targetAttribute">game.attributes.id253374</text><text id="RHS">0</text></attributes></behavior><behavior id="id849391" class="ChangeAttributeAction"><attributes><text id="name">Change Attribute - New Timestamp</text><text id="targetAttribute">self.attributes.id319324</text><text id="RHS"><expression><string>(</string><reference keypath="game.devices.clock.year"/><string>-2011)*365*24*60*60+floor((</string><reference keypath="game.devices.clock.month"/><string>-1)*30.5)*24*60*60+(</string><reference keypath="game.devices.clock.day"/><string>-1)*24*60*60+</string><reference keypath="game.devices.clock.hour"/><string>*60*60+</string><reference keypath="game.devices.clock.minute"/><string>*60+</string><reference keypath="game.devices.clock.second"/><string>+</string><reference keypath="game.devices.clock.millisecond"/><string>/1000</string></expression></text></attributes></behavior></behaviors><elseBehaviors/></behavior><behavior id="id779094" class="RuleBehavior"><attributes><text id="name">Rule - Water Pail display images and incrementing</text></attributes><conditions><condition id="id115837" eventType="mouse button"><attributes><index id="conditionType">1</index><text id="subjectAttribute">game.attributes.id253374</text></attributes><predicate type="number"><attributes><text id="operator">&lt;</text><real id="RHS">100</real></attributes></predicate></condition></conditions><behaviors><behavior id="id552372" class="ChangeImageAction"><attributes><text id="name">Change Image</text><image id="image">WaterMeter2</image></attributes></behavior><behavior id="id466074" class="ConstrainAttributeBehavior"><attributes><text id="name">Constrain Attribute</text><text id="targetAttribute">game.attributes.id253374</text><text id="RHS"><expression><string>10*min(10,(</string><reference keypath="game.devices.clock.year"/><string>-2011)*365*24*60*60+floor((</string><reference keypath="game.devices.clock.month"/><string>-1)*30.5)*24*60*60+(</string><reference keypath="game.devices.clock.day"/><string>-1)*24*60*60+</string><reference keypath="game.devices.clock.hour"/><string>*60*60+</string><reference keypath="game.devices.clock.minute"/><string>*60+</string><reference keypath="game.devices.clock.second"/><string>+</string><reference keypath="game.devices.clock.millisecond"/><string>/1000-</string><reference keypath="self.attributes.id319324"/><string>)</string></expression></text></attributes></behavior></behaviors><elseBehaviors><behavior id="id402632" class="ChangeImageAction"><attributes><text id="name">Change Image</text><image id="image">WaterMeter1</image></attributes></behavior><behavior id="id300965" class="ChangeAttributeAction"><attributes><text id="name">Change Attribute</text><text id="targetAttribute">game.attributes.id448290</text><text id="RHS">false</text></attributes></behavior></elseBehaviors></behavior></behaviors><aspects><physics/></aspects></actor>
