<?xml version="1.0" encoding="UTF-8"?>
<scene id="id269551" GSCVersion="0.9.91" PGFVersion="0.17"><layers><layer id="id112326"><actors><actor id="id968072" prototype="id360567"><attributes><point id="position"><real id="x">240</real><real id="y">160</real></point></attributes></actor><actor id="id843421" prototype="id636499"><attributes><point id="position"><real id="x">382</real><real id="y">200</real></point></attributes><behaviors><behavior id="id979928" class="ConstrainAttributeBehavior"><attributes><text id="name">Constrain Attribute</text><text id="targetAttribute">self.attributes.image</text><text id="RHS"><expression><string>(floor((</string><reference keypath="game.devices.clock.year"/><string>%100)/10))..&quot;.png&quot;</string></expression></text></attributes></behavior></behaviors></actor><actor id="id445802" prototype="id636499"><attributes><point id="position"><real id="x">416</real><real id="y">200</real></point></attributes><behaviors><behavior id="id979928" class="ConstrainAttributeBehavior"><attributes><text id="name">Constrain Attribute</text><text id="targetAttribute">self.attributes.image</text><text id="RHS"><expression><string>(</string><reference keypath="game.devices.clock.year"/><string>%10)..&quot;.png&quot;</string></expression></text></attributes></behavior></behaviors></actor><actor id="id700026" prototype="id636499"><attributes><point id="position"><real id="x">348</real><real id="y">200</real></point></attributes><behaviors><behavior id="id979928" class="ConstrainAttributeBehavior"><attributes><text id="name">Constrain Attribute</text><text id="targetAttribute">self.attributes.image</text><text id="RHS"><expression><string>(floor((</string><reference keypath="game.devices.clock.year"/><string>%1000)/100))..&quot;.png&quot;</string></expression></text></attributes></behavior></behaviors></actor><actor id="id909948" prototype="id636499"><attributes><point id="position"><real id="x">314</real><real id="y">200</real></point></attributes></actor><actor id="id403854" prototype="id636499"><attributes><point id="position"><real id="x">239</real><real id="y">200</real></point></attributes><behaviors><behavior id="id979928" class="ConstrainAttributeBehavior"><attributes><text id="name">Constrain Attribute</text><text id="targetAttribute">self.attributes.image</text><text id="RHS"><expression><string>(</string><reference keypath="game.devices.clock.month"/><string>%10)..&quot;.png&quot;</string></expression></text></attributes></behavior></behaviors></actor><actor id="id228880" prototype="id636499"><attributes><point id="position"><real id="x">205</real><real id="y">200</real></point></attributes><behaviors><behavior id="id979928" class="ConstrainAttributeBehavior"><attributes><text id="name">Constrain Attribute</text><text id="targetAttribute">self.attributes.image</text><text id="RHS"><expression><string>(floor(</string><reference keypath="game.devices.clock.month"/><string>/10))..&quot;.png&quot;</string></expression></text></attributes></behavior></behaviors></actor><actor id="id684308" prototype="id636499"><attributes><point id="position"><real id="x">124</real><real id="y">200</real></point></attributes><behaviors><behavior id="id979928" class="ConstrainAttributeBehavior"><attributes><text id="name">Constrain Attribute</text><text id="targetAttribute">self.attributes.image</text><text id="RHS"><expression><string>(</string><reference keypath="game.devices.clock.day"/><string>%10)..&quot;.png&quot;</string></expression></text></attributes></behavior></behaviors></actor><actor id="id333736" prototype="id636499"><attributes><point id="position"><real id="x">90</real><real id="y">200</real></point></attributes><behaviors><behavior id="id979928" class="ConstrainAttributeBehavior"><attributes><text id="name">Constrain Attribute</text><text id="targetAttribute">self.attributes.image</text><text id="RHS"><expression><string>(floor(</string><reference keypath="game.devices.clock.day"/><string>/10))..&quot;.png&quot;</string></expression></text></attributes></behavior></behaviors></actor><actor id="id851437" prototype="id636499"><attributes><point id="position"><real id="x">138.5</real><real id="y">115</real></point><size id="size"><real id="width">52</real><real id="height">88</real></size></attributes><behaviors><behavior id="id979928" class="ConstrainAttributeBehavior"><attributes><text id="name">Constrain Attribute</text><text id="targetAttribute">self.attributes.image</text><text id="RHS"><expression><string>(floor((</string><reference keypath="game.devices.clock.hour"/><string>%12)/10))..&quot;.png&quot;</string></expression></text></attributes></behavior></behaviors></actor><actor id="id347826" prototype="id636499"><attributes><point id="position"><real id="x">198.5</real><real id="y">115</real></point><size id="size"><real id="width">52</real><real id="height">88</real></size></attributes><behaviors><behavior id="id487037" class="ConstrainAttributeBehavior"><attributes><text name="Name" id="name">Constrain Attribute</text><text name="Target Attribute" id="targetAttribute">self.attributes.image</text><text name="RHS" id="RHS"><expression><string>((</string><reference keypath="game.devices.clock.hour"/><string>%12)%10)..&quot;.png&quot;</string></expression></text></attributes></behavior></behaviors></actor><actor id="id225986" prototype="id636499"><attributes><point id="position"><real id="x">276.5</real><real id="y">115</real></point><size id="size"><real id="width">52</real><real id="height">88</real></size></attributes><behaviors><behavior id="id624547" class="ConstrainAttributeBehavior"><attributes><text name="Name" id="name">Constrain Attribute</text><text name="Target Attribute" id="targetAttribute">self.attributes.image</text><text name="RHS" id="RHS"><expression><string>(floor(</string><reference keypath="game.devices.clock.minute"/><string>/10))..&quot;.png&quot;</string></expression></text></attributes></behavior></behaviors></actor><actor id="id697894" prototype="id636499"><attributes><point id="position"><real id="x">335.5</real><real id="y">115</real></point><size id="size"><real id="width">52</real><real id="height">88</real></size></attributes><behaviors><behavior id="id387943" class="ConstrainAttributeBehavior"><attributes><text name="Name" id="name">Constrain Attribute</text><text name="Target Attribute" id="targetAttribute">self.attributes.image</text><text name="RHS" id="RHS"><expression><string>(</string><reference keypath="game.devices.clock.minute"/><string>%10)..&quot;.png&quot;</string></expression></text></attributes></behavior></behaviors></actor><actor id="id991360" prototype="id226795"><attributes><point id="position"><real id="x">240</real><real id="y">115</real></point><size id="size"><real id="width">52</real><real id="height">88</real></size></attributes></actor><actor id="id770907" prototype="id830167"><attributes><point id="position"><real id="x">453.102</real><real id="y">293.264</real></point><size id="size"><real id="width">53.7188</real><real id="height">54.9648</real></size></attributes></actor></actors><attributes><text id="name">Background</text></attributes></layer></layers><attributes><text id="name">Digital Clock</text><rect id="camera"><size id="trackingArea"><real id="height">260</real></size></rect></attributes></scene>
