<?xml version="1.0" encoding="UTF-8"?>
<scene id="id269551" GSCVersion="0.9.91" PGFVersion="0.17"><layers><layer id="id112326"><actors><actor id="id968072" prototype="id360567"><attributes><point id="position"><real id="x">520.242</real><real id="y">403.592</real></point><size id="size"><real id="width">1033.95</real><real id="height">780.715</real></size></attributes></actor><actor id="id843421" prototype="id636499"><attributes><point id="position"><real id="x">739.781</real><real id="y">501.117</real></point></attributes><behaviors><behavior id="id979928" class="ConstrainAttributeBehavior"><attributes><text id="name">Constrain Attribute</text><text id="targetAttribute">self.attributes.image</text><text id="RHS"><expression><string>(floor((</string><reference keypath="game.devices.clock.year"/><string>%100)/10))..&quot;.png&quot;</string></expression></text></attributes></behavior></behaviors></actor><actor id="id445802" prototype="id636499"><attributes><point id="position"><real id="x">774.254</real><real id="y">501.684</real></point></attributes><behaviors><behavior id="id979928" class="ConstrainAttributeBehavior"><attributes><text id="name">Constrain Attribute</text><text id="targetAttribute">self.attributes.image</text><text id="RHS"><expression><string>(</string><reference keypath="game.devices.clock.year"/><string>%10)..&quot;.png&quot;</string></expression></text></attributes></behavior></behaviors></actor><actor id="id700026" prototype="id636499"><attributes><point id="position"><real id="x">704.254</real><real id="y">501.092</real></point><size id="size"><real id="width">32.3281</real><real id="height">48.0508</real></size></attributes><behaviors><behavior id="id979928" class="ConstrainAttributeBehavior"><attributes><text id="name">Constrain Attribute</text><text id="targetAttribute">self.attributes.image</text><text id="RHS"><expression><string>(floor((</string><reference keypath="game.devices.clock.year"/><string>%1000)/100))..&quot;.png&quot;</string></expression></text></attributes></behavior></behaviors></actor><actor id="id909948" prototype="id636499"><attributes><point id="position"><real id="x">668.637</real><real id="y">501.43</real></point></attributes></actor><actor id="id403854" prototype="id636499"><attributes><point id="position"><real id="x">483.012</real><real id="y">501.898</real></point><angle id="rotation">358.952</angle></attributes><behaviors><behavior id="id979928" class="ConstrainAttributeBehavior"><attributes><text id="name">Constrain Attribute</text><text id="targetAttribute">self.attributes.image</text><text id="RHS"><expression><string>(</string><reference keypath="game.devices.clock.month"/><string>%10)..&quot;.png&quot;</string></expression></text></attributes></behavior></behaviors></actor><actor id="id228880" prototype="id636499"><attributes><point id="position"><real id="x">442.801</real><real id="y">502.301</real></point></attributes><behaviors><behavior id="id979928" class="ConstrainAttributeBehavior"><attributes><text id="name">Constrain Attribute</text><text id="targetAttribute">self.attributes.image</text><text id="RHS"><expression><string>(floor(</string><reference keypath="game.devices.clock.month"/><string>/10))..&quot;.png&quot;</string></expression></text></attributes></behavior></behaviors></actor><actor id="id684308" prototype="id636499"><attributes><point id="position"><real id="x">253.906</real><real id="y">501.473</real></point></attributes><behaviors><behavior id="id979928" class="ConstrainAttributeBehavior"><attributes><text id="name">Constrain Attribute</text><text id="targetAttribute">self.attributes.image</text><text id="RHS"><expression><string>(</string><reference keypath="game.devices.clock.day"/><string>%10)..&quot;.png&quot;</string></expression></text></attributes></behavior></behaviors></actor><actor id="id333736" prototype="id636499"><attributes><point id="position"><real id="x">210.691</real><real id="y">500.992</real></point></attributes><behaviors><behavior id="id979928" class="ConstrainAttributeBehavior"><attributes><text id="name">Constrain Attribute</text><text id="targetAttribute">self.attributes.image</text><text id="RHS"><expression><string>(floor(</string><reference keypath="game.devices.clock.day"/><string>/10))..&quot;.png&quot;</string></expression></text></attributes></behavior></behaviors></actor><actor id="id851437" prototype="id636499"><attributes><point id="position"><real id="x">204.744</real><real id="y">302.705</real></point><size id="size"><real id="width">179.934</real><real id="height">220.363</real></size></attributes><behaviors><behavior id="id979928" class="ConstrainAttributeBehavior"><attributes><text id="name">Constrain Attribute</text><text id="targetAttribute">self.attributes.image</text><text id="RHS"><expression><string>(floor((</string><reference keypath="game.devices.clock.hour"/><string>%12)/10))..&quot;.png&quot;</string></expression></text></attributes></behavior></behaviors></actor><actor id="id347826" prototype="id636499"><attributes><point id="position"><real id="x">383.555</real><real id="y">302.547</real></point><size id="size"><real id="width">169.125</real><real id="height">216.867</real></size></attributes><behaviors><behavior id="id487037" class="ConstrainAttributeBehavior"><attributes><text name="Name" id="name">Constrain Attribute</text><text name="Target Attribute" id="targetAttribute">self.attributes.image</text><text name="RHS" id="RHS"><expression><string>((</string><reference keypath="game.devices.clock.hour"/><string>%12)%10)..&quot;.png&quot;</string></expression></text></attributes></behavior></behaviors></actor><actor id="id225986" prototype="id636499"><attributes><point id="position"><real id="x">608.078</real><real id="y">303.852</real></point><size id="size"><real id="width">179.602</real><real id="height">219</real></size></attributes><behaviors><behavior id="id624547" class="ConstrainAttributeBehavior"><attributes><text name="Name" id="name">Constrain Attribute</text><text name="Target Attribute" id="targetAttribute">self.attributes.image</text><text name="RHS" id="RHS"><expression><string>(floor(</string><reference keypath="game.devices.clock.minute"/><string>/10))..&quot;.png&quot;</string></expression></text></attributes></behavior></behaviors></actor><actor id="id697894" prototype="id636499"><attributes><point id="position"><real id="x">785.486</real><real id="y">304.814</real></point><size id="size"><real id="width">169.207</real><real id="height">226.41</real></size></attributes><behaviors><behavior id="id387943" class="ConstrainAttributeBehavior"><attributes><text name="Name" id="name">Constrain Attribute</text><text name="Target Attribute" id="targetAttribute">self.attributes.image</text><text name="RHS" id="RHS"><expression><string>(</string><reference keypath="game.devices.clock.minute"/><string>%10)..&quot;.png&quot;</string></expression></text></attributes></behavior></behaviors></actor><actor id="id991360" prototype="id226795"><attributes><point id="position"><real id="x">491</real><real id="y">297.926</real></point><size id="size"><real id="width">52</real><real id="height">88</real></size></attributes></actor><actor id="id285011" prototype="id302422"><attributes><point id="position"><real id="x">958.721</real><real id="y">715.4</real></point><size id="size"><real id="width">146.465</real><real id="height">150.355</real></size></attributes></actor></actors><attributes><text id="name">Background</text></attributes></layer></layers><attributes><text id="name">Digital Clock</text></attributes></scene>
