<?xml version="1.0" encoding="UTF-8"?>
<game PGFVersion="0.17" GSCVersion="0.9.91"><attributes><size id="displaySize"><real id="width">1024</real><real id="height">768</real></size><integer name="YearTarget1" id="id757951">2011</integer><integer name="MonthTarget1" id="id890517">7</integer><integer name="DayTarget1" id="id521976">26</integer><integer name="HourTarget1" id="id257718">10</integer><integer name="MinuteTarget1" id="id376009">39</integer><integer name="SecondTarget1" id="id384864">0</integer><boolean name="Plant Watered" id="id448290">false</boolean><real name="WaterReadyPercent" id="id253374">100</real><angle name="SkyRotation" id="id937994">0</angle></attributes><plugins><attributes id="kiip"><text id="appKey"></text><text id="appSecret"></text><text id="achievementIdentifiers"></text><text id="achievementNames"></text><text id="leaderboardIdentifiers"></text><text id="leaderboardNames"></text></attributes></plugins><prototypes><actor id="id636499"/><actor id="id226795"/><actor id="id302422"/><actor id="id447889"/><actor id="id996950"/><actor id="id683086"/><actor id="id290071"/><actor id="id137556"/><actor id="id368753"/><actor id="id937256"/><actor id="id979632"/><actor id="id259996"/><actor id="id360567"/></prototypes><scenes><scene id="id269551"/></scenes><resolution>3</resolution></game>
